001,Shade Adekule,Shadekule234@gmail.com
002,ADEDAYO OLAKULE,Adedayo234@gmail.com
003,Pelumi wale,Pelumi234@gmail.com
004,ADKULE KALEED,KALEED234@GMAIL.COM
005,OLAREWAJU TIMILEYI,TIMILEYI234@GMAIL.COM
006,SODIQ GATER,SODIQ234@GMAIL.COM
007,AYOMIDE GODDWIN,GODWIN234@GMAIL.COM
008,AYOKULE GODWIN,AYOKULE234@GMAIL.COM
